name,description,price,thumb,images,slug,sku,sizes,prices
Coral Flame Kilim Rug,,0,https://bucket.zammit.shop/active-storage/59z4ox9lpwge8w2mlsa69n9cveic,https://bucket.zammit.shop/active-storage/e2epp1ghrj76cohupi0mlctf4hmn,-Coral-Flame-Kilim-Rug,,0.7 * 1.5 Cm|1 * 1.5 M|1.5 * 2 M|1.7 * 2.6 M|2 * 3 M|3 * 4 M,0|0|0|0|0|0
Crowned Mustard Kilim Rug,,2340,https://bucket.zammit.shop/active-storage/0bb28v18dwe731s1e3ug6vqcuj0q,https://bucket.zammit.shop/active-storage/d70jn2fy2u8qyjqmomglzzrx5xnl,-Crowned-Mustard-Kilim-Rug,,80 * 300 Cm|80 * 400 Cm|80 * 500 Cm|80 * 600 Cm|80 * 700 Cm|80 * 800 Cm,2340|3120|3900|4680|5880|6720
Grey Shaggy Kilim Runner,,1800,https://bucket.zammit.shop/active-storage/6hk5xunno1fg8wke04bvoo5foey7,,-Grey-Shaggy-kilim-Runner,,80 * 200 Cm|80 * 300 Cm|80 * 400 Cm|80 * 500 Cm|80 * 600 Cm|80 * 700 Cm|80 * 800 Cm,1800|2700|3600|4500|5400|6300|7200
Notebook In Cafe Kilim Rug,,0,https://bucket.zammit.shop/active-storage/a5p3jjhflupbjw4z5usy6zwn2ewu,https://bucket.zammit.shop/active-storage/5x01p57fa9orl0vdsrwider2t04b,-Notebook-In-Cafe-Kilim-Rug-,,90 * 60 Cm|1 * 1.5 M|1.5 * 2 M|1.7 * 2.6 M|2 * 2.5 M|2 * 3 M|3 * 4 M,0|0|0|0|0|0|0
Traditional Buca Kilim Rug,,1575,https://bucket.zammit.shop/active-storage/bo574q04km8vuu3rruhxhoafxjnr,https://bucket.zammit.shop/active-storage/pajif24x8yp2dp9m255ppxifptau|https://bucket.zammit.shop/active-storage/ouji43y4zk0v74bphy8ogjdqbh62|https://bucket.zammit.shop/active-storage/ukrxy5bdviwbfjordbug147t95n9,-Traditional-Buca-Kilim-Rug,,0.7 * 1.5 Cm|1 * 1.5 M|1.2 * 1.8 CM|1.5 * 2 M|1.7 * 2.6 M|2 * 2.5 M|2 * 3 M,1575|2250|3240|4500|6630|7500|9000
African Ivory Kilim Rug,,0,https://bucket.zammit.shop/active-storage/qxrrroe0nwdecqtn2cxv2bz9nh0c,https://bucket.zammit.shop/active-storage/5g9e4wqkhanm9x8ucu7bsuzqwebw|https://bucket.zammit.shop/active-storage/zfhfwutxzxilupy2ik21b8p8t00i,African-Ivory-Kilim-Rug,,70 x 1.5 M|1 * 1.5 M|1.5 * 2 M|1.7 * 2.6 M|2 * 2.5 M|2 * 3 M|3 * 4 M,0|0|0|0|0|0|0
Alexandrian Azure Kilim Rug,,0,https://bucket.zammit.shop/active-storage/g04aznteaxau6wyuor7p5zikwqpn,https://bucket.zammit.shop/active-storage/3e68zw0w7elrz4uh9vru7733jznf|https://bucket.zammit.shop/active-storage/xt9fvf9jyastmphpene5d3es98ho,Alexandrian-Azure-Kilim-Rug,,90 * 60 Cm|0.7 * 1.5 Cm|1 * 1.5 M|1.2 * 1.8 CM|1.5 * 2 M|1.7 * 2.6 M|2 * 2.5 M|2 * 3 M|3 * 4 M,0|0|0|0|0|0|0|0|0
Amara Kilim Rug,,0,https://bucket.zammit.shop/active-storage/v1dis404m6d107gmxr72ynw1vnpb,https://bucket.zammit.shop/active-storage/je68hgbtiftzze55e92exs284od3,Amara-Kilim-Rug,,1 * 1.5 M|1.5 * 2 M|1.7 * 2.6 M|2 * 2.5 M|2 * 3 M|3 * 4 M,0|0|0|0|0|0
Autumn Bath Mat,,699,https://bucket.zammit.shop/active-storage/m2jl4v14xlu0msnv3xzx7fhrxdpe,https://bucket.zammit.shop/active-storage/xx0iyvg01lw0qtt7qyir9s004wb8,Autumn-Bath-Mat,,90 * 60 Cm|140 * 50 Cm|100 * 80 Cm|130 * 100 Cm,699|892|1020|1657
Baby Garden Bath Mat,,699,https://bucket.zammit.shop/active-storage/rwxaa1kv73zimafuwre4ij5lkxcg,https://bucket.zammit.shop/active-storage/mgkt1c7q19639rukksd7d6ch5brd,Baby-Garden-Bath-Mat,,90 * 60 Cm|140 * 50 Cm|100 * 80 Cm|130 * 100 Cm,699|892|1020|1657
Bahya Corner Kilim Rug,,0,https://bucket.zammit.shop/active-storage/es0opx5wvrjeyk21d6ri9dfj00yv,https://bucket.zammit.shop/active-storage/7oohv5qgl9vqnxadzjbcbntl1yyo,Bahya-Corner-Kilim-Rug,,90 * 60 Cm|1 * 1.5 M|1.2 * 1.8 CM|1.5 * 2 M|1.7 * 2.6 M|2 * 3 M|3 * 4 M,0|0|0|0|0|0|0
Biege Barez Kilim Rug,,3600,https://bucket.zammit.shop/active-storage/i8iv4iuitsw5cj729o468bulq6cf,https://bucket.zammit.shop/active-storage/3ns5atej5tvz1etj4cd8hvw9mwwo|https://bucket.zammit.shop/active-storage/cp1nbk2r7bxyiqve7f78kq38zyrq|https://bucket.zammit.shop/active-storage/8yeyiwcn08zb1c6nvc0bgttcmfkj,Biege-Barez-Kilim-Rug,,80 * 400 Cm|80 * 500 Cm|80 * 600 Cm|80 * 700 Cm|80 * 800 Cm,3600|4500|5400|6300|7200
Blue Coco Cushion,,675,https://bucket.zammit.shop/active-storage/nhc453qavcxl6mqgmj8g2ybo4g9j,https://bucket.zammit.shop/active-storage/f95u3lx7o8phkmdg3qc5zal3r8f5|https://bucket.zammit.shop/active-storage/996ikjd7iaks7t3tm7mlgqchmmap,Blue-Coco-Cushion-,,40 * 40 Cm Cover Only|40 * 40 Cm With Insert|40 * 70 Cm Cover Only|40 * 70 Cm With Insert|70 * 70 Cm Cover Only|70 * 70 Cm With Insert,675|712|750|787|1012|1050
Boho Blaze Cushion,,0,https://bucket.zammit.shop/active-storage/ws03va542hp2mktlmoqak055en60,,Boho-Blaze-Cushion-,,40 * 40 Cm Cover Only|40 * 40 Cm With Insert|40 * 70 Cm Cover Only|40 * 70 Cm With Insert|70 * 70 Cm Cover Only|70 * 70 Cm With Insert,0|0|0|0|0|0
Boho Fiction Cushion,,675,https://bucket.zammit.shop/active-storage/mphedma8w64gsyu7ssakrcjlr1n8,https://bucket.zammit.shop/active-storage/czv0e4r4ve4rgeufps714pznjnkx,Boho-Fiction-Cushion,,40 * 40 Cm Cover Only|40 * 40 Cm With insert|40 * 70 Cm Cover Only|40 * 70 Cm With insert|70 * 70 Cm Cover Only|70 * 70 Cm With insert,675|712|750|787|1012|1050
Boho Fiction Kilim Rug 1,,648,https://bucket.zammit.shop/active-storage/sl30t5cwsve3321xrlzh8iyn6yvf,https://bucket.zammit.shop/active-storage/i7msggx8lg741d2xg084ao9onewr|https://bucket.zammit.shop/active-storage/dggdxx0zvuur3esubbkycgpuezus,Boho-Fiction-Kilim-Rug-1,,90 * 60 Cm|0.7 * 1.5 Cm|1 * 1.5 M|1.5 * 2 M|1.7 * 2.6 M|2 * 2.5 M|2 * 3 M|3 * 4 M,648|1181|1687|3375|4972|5625|6750|13500
Brown Arabica Kilim Rug,,1181,https://bucket.zammit.shop/active-storage/hsee7pyw0psysk9v7knz8b9i42np,https://bucket.zammit.shop/active-storage/xcichlmjt3ox3g2zb63rldqmyqne,Brown-Arabica-Kilim-Rug,,0.7 * 1.5 Cm|1 * 1.5 M|1.2 * 1.8 CM|1.5 * 2 M|1.7 * 2.6 M|2 * 2.5 M|2 * 3 M|3 * 4 M,1181|1687|2430|3375|4972|5625|6750|13500
Burgundy Wood Kilim Rug,,648,https://bucket.zammit.shop/active-storage/asxntgrn0y6vk3irijx99wqjbuxx,https://bucket.zammit.shop/active-storage/f1ksi466smx6g5ql2tox5hkfz7fb,Burgundy-Wood-Kilim-Rug,,90 * 60 Cm|0.7 * 1.5 Cm|1 * 1.5 M|1.5 * 2 M|1.7 * 2.6 M|2 * 2.5 M|2 * 3 M|3 * 4 M,648|1181|1575|3150|4641|5250|6300|12600
Cacto Sagrado Kilim Rug,,0,https://bucket.zammit.shop/active-storage/5kaonzixbmkxziyr9inizlw584da,https://bucket.zammit.shop/active-storage/m10i8dbbsnpj7x7q1o10gmgilkuu,Cacto-Sagrado-Kilim-Rug,,1 * 1.5 M|1.5 * 2 M|1.7 * 2.6 M|2 * 2.5 M|2 * 3 M|3 * 4 M,0|0|0|0|0|0
Cairo Blocks Kilim Rugs,,0,https://bucket.zammit.shop/active-storage/n3ffd1myyc7yxs2zftpjxsqyegsy,https://bucket.zammit.shop/active-storage/xevzyi79vjizsphn8nk44c4cejse,Cairo-Blocks-Kilim-Rugs,,1 * 1.5 M|1.5 * 2 M|1.7 * 2.6 M|2 * 2.5 M|2 * 3 M|3 * 4 M,0|0|0|0|0|0
Chocolate Maya Kilim Rug,,0,https://bucket.zammit.shop/active-storage/hvrtdkm9ledq7ndu91fn2bvatvdj,https://bucket.zammit.shop/active-storage/okg029jakl6l4ww3llcp9eowivg2|https://bucket.zammit.shop/active-storage/6skv7nthw0x1tbvi0y4m7rs4pj70|https://bucket.zammit.shop/active-storage/36fi1hrtscw8vl045xyaeyqr9s20,Chocolate-Maya-Kilim-Rug,,0.7 * 1.5 Cm|1 * 1.5 M|1.5 * 2 M|1.7 * 2.6 M|2 * 2.5 M|2 * 3 M|3 * 4 M,0|0|0|0|0|0|0
Clouds Kilim Rug,,1687,https://bucket.zammit.shop/active-storage/d9ye3mdufbsv4whljnceadtnz506,https://bucket.zammit.shop/active-storage/8aqcjeulw0odq7thkgp0yj4rtux3,Clouds-Kilim-Rug,,1 * 1.5 M|1.5 * 2 M|1.7 * 2.6 M|2 * 2.5 M|2 * 3 M|3 * 4 M,1687|3375|4972|5625|6750|13500
Cubics Kilim Rug,,648,https://bucket.zammit.shop/active-storage/ok04hcg1kaxhzcj7kby6759fx569,https://bucket.zammit.shop/active-storage/db1ovf5jw20vc2h5btedf5gmrwvi,Cubics-Kilim-Rug,,90 * 60 Cm|0.7 * 1.5 Cm|1 * 1.5 M|1.5 * 2 M|1.7 * 2.6 M|2 * 2.5 M|2 * 3 M|3 * 4 M,648|1181|1575|3150|4641|5250|6300|12600
Dark Biege Hallway Kilim,,1440,https://bucket.zammit.shop/active-storage/eo1k31lso58ykkn3s53ya9ezw6by,,Dark-Biege-hallway-Kilim-,,80 * 200 Cm|80 * 300 Cm|80 * 400 Cm|80 * 500 Cm|80 * 600 Cm,1440|2160|2880|3600|4320
De La Maison Kilim Rug,,0,https://bucket.zammit.shop/active-storage/63u1wpaui4phs23fd5fuu45zz2sq,https://bucket.zammit.shop/active-storage/fmgivqhnzk14pio44i7zccav27p3,De-La-Maison-Kilim-Rug,,1 * 1.5 M|1.5 * 2 M|1.7 * 2.6 M|2 * 2.5 M|2 * 3 M|3 * 4 M,1687|3375|4972|5625|0|0
Dunes 3,,648,https://bucket.zammit.shop/active-storage/wyvb5n36g8n3r5o608zzizvcqly3,https://bucket.zammit.shop/active-storage/mxu2of9nc2ftqnz5t8350hnydcy0,Dunes-3,,90 * 60 Cm|0.7 * 1.5 Cm|1 * 1.5 M|1.5 * 2 M|1.7 * 2.6 M|2 * 2.5 M|2 * 3 M|3 * 4 M,648|1181|1575|3150|4641|5250|6300|12600
Dunes 9 Kilim Rug 1,,1687,https://bucket.zammit.shop/active-storage/ga48rvf1vc2lpra0tceqfhd8wx6z,https://bucket.zammit.shop/active-storage/fdptrnwqs9c5qo6oac7pm7ry99tf,Dunes-9-Kilim-Rug-1,,1 * 1.5 M|1.5 * 2 M|1.7 * 2.6 M|2 * 2.5 M|2 * 3 M|3 * 4 M,1687|3375|4972|5625|6750|13500
Dunes Hallway Kilim Runner 1,,1560,https://bucket.zammit.shop/active-storage/zahrgjbo9fubzsix0crqyqs8rm1c,https://bucket.zammit.shop/active-storage/s4ykik9v1ybws1apmw28n6bgzg1o,Dunes-Hallway-Kilim-Runner-1,,80 * 200 Cm|80 * 300 Cm|80 * 400 Cm|80 * 500 Cm|80 * 600 Cm,1560|2340|3120|3900|4680
Eastern Desert Bath Mat,,699,https://bucket.zammit.shop/active-storage/uw9zntep3js9zbiidfd59m041to3,,Eastern-Desert-Bath-Mat,,90 * 60 Cm|140 * 50 Cm|100 * 80 Cm|130 * 100 Cm,699|892|1020|1657
Felucca Bath Mat,,699,https://bucket.zammit.shop/active-storage/oz1trqx6uvzrypji1ur9vuwolooc,https://bucket.zammit.shop/active-storage/orrr2qq2dr0jp3cw1awhcvyeq731,Felucca-Bath-Mat,,90 * 60 Cm|140 * 50 Cm|100 * 80 Cm|130 * 100 Cm,699|892|1020|1657
Fuego Del Sol Kilim Rug,,0,https://bucket.zammit.shop/active-storage/0yc5oyelp40ggfjjg6nl2zl0zr7p,https://bucket.zammit.shop/active-storage/9cjua43yh0qeiwxzvzvoir5z5t1q,Fuego-del-Sol-Kilim-Rug,,0.7 * 1.5 Cm|1 * 1.5 M|1.5 * 2 M|1.7 * 2.6 M|2 * 3 M|3 * 4 M,0|0|0|0|0|0
Habibi Blue Cushion,,0,https://bucket.zammit.shop/active-storage/fcjskkbf2ajdzfxtm188yljcdr2p,https://bucket.zammit.shop/active-storage/4n1dyhpzazlbbz6dlisqupfvs4nj,Habibi-Blue-Cushion,,40 * 40 Cm Cover Only|40 * 40 Cm With Insert|40 * 70 Cm Cover Only|40 * 70 Cm With Insert|70 * 70 Cm Cover Only|70 * 70 Cm With Insert,0|0|0|0|0|0
Habibi Vibes Kilim Rug,,0,https://bucket.zammit.shop/active-storage/zgmaken0e5f1wi7lsojj3u6p7zkl,https://bucket.zammit.shop/active-storage/u8fbpxwfcoyxt301mswoy838fpgg|https://bucket.zammit.shop/active-storage/8cxzxgaqewht7hf6ugx73f2zexcw,Habibi-Vibes-Kilim-Rug,,40 * 40 Cm Cover Only|40 * 40 Cm With Insert|40 * 70 Cm Cover Only|40 * 70 Cm With Insert|70 * 70 Cm Cover Only|70 * 70 Cm With Insert,0|0|0|0|0|0
Handora Kilim Rug,,0,https://bucket.zammit.shop/active-storage/6msh9iio3g44sn3kgsocpm07l8r2,https://bucket.zammit.shop/active-storage/pmz7cry15fceqbl81rynae7ssrs5,Handora-Kilim-Rug,,90 * 60 Cm|0.7 * 1.5 Cm|1 * 1.5 M|1.5 * 2 M|1.7 * 2.6 M|2 * 3 M|3 * 4 M,0|0|0|0|0|0|0
Home Alone Kilim Rug,,0,https://bucket.zammit.shop/active-storage/ckrlpu467xw00hi8eoytvlrc8z71,https://bucket.zammit.shop/active-storage/5j7qcrc53s09qz4su2elm32qnmx5,Home-Alone-Kilim-Rug,,90 * 60 Cm|0.7 * 1.5 Cm|1 * 1.5 M|1.2 * 1.8 CM|1.5 * 2 M|1.7 * 2.6 M|2 * 3 M|3 * 4 M,0|0|0|0|0|0|0|0
Home Kilim Rug,,2025,https://bucket.zammit.shop/active-storage/lu81hft2ngpenowubao2dh53q3vx,https://bucket.zammit.shop/active-storage/9khf5vqmd5vwyk6e8b43js6cxfw4,Home-Kilim-Rug,,1 * 1.5 M|1.5 * 2 M|1.7 * 2.6 M|2 * 2.5 M|2 * 3 M|3 * 4 M,2025|4050|5967|6750|8100|16200
Hurghada Kilim Rug,,0,https://bucket.zammit.shop/active-storage/91rk3zzl9jj1il8kh9vvjddnaaen,https://bucket.zammit.shop/active-storage/4ans394k5ge9anl3983e0fl8cpj1|https://bucket.zammit.shop/active-storage/q5j4lh3iqs8rkeiz8w3ikukwr6qs,Hurghada-Kilim-Rug,,90 * 60 Cm|0.7 * 1.5 Cm|1 * 1.5 M|1.2 * 1.8 CM|1.5 * 2 M|1.7 * 2.6 M|2 * 3 M|3 * 4 M,0|0|0|0|0|0|0|0
Imprial Kilim Rug,,0,https://bucket.zammit.shop/active-storage/zmiu3sqdzvq3u5ffeo7knqjl0psn,https://bucket.zammit.shop/active-storage/xw6owgrmpju0djzr6evrsd1il6eu|https://bucket.zammit.shop/active-storage/me5uh8dvr8xk5nq4qgp2gydwua0n,Imprial-Kilim-Rug,,90 * 60 Cm|0.7 * 1.5 Cm|1 * 1.5 M|1.5 * 2 M|1.7 * 2.6 M|2 * 3 M|3 * 4 M,0|0|0|0|0|0|0
Interversal Bath Mat,,699,https://bucket.zammit.shop/active-storage/b1gw462a7jtek2hdfs2cdsbd4f9h,,Interversal-Bath-Mat,,90 * 60 Cm|140 * 50 Cm|100 * 80 Cm|130 * 100 Cm,699|892|1020|1657
Interversal Cushion,,0,https://bucket.zammit.shop/active-storage/pqrihhyw0wl80h0oxglfq19zco5i,,Interversal-Cushion,,40 * 40 Cm Cover Only|40 * 40 Cm With Insert|40 * 70 Cm Cover Only|40 * 70 Cm With Insert|70 * 70 Cm Cover Only|70 * 70 Cm With Insert,0|0|0|0|0|0
Isis Gold Kilim Rug,,1687,https://bucket.zammit.shop/active-storage/km9hgjrrc4q7ycby7v5hed6xvepj,https://bucket.zammit.shop/active-storage/siin5x1vsieacnukwdneeseygovz,Isis-Gold-Kilim-Rug,,1 * 1.5 M|1.5 * 2 M|1.7 * 2.6 M|2 * 2.5 M|2 * 3 M|3 * 4 M,1687|3375|4972|5625|6750|13500
Kelimora Kilim Rug,,699,https://bucket.zammit.shop/active-storage/yfq3j2b7zwsllxeaf52ov5exaj8w,https://bucket.zammit.shop/active-storage/0m0ctf7k78qb00hawr1e7pzpchn6,Kelimora-Kilim-Rug,,60 * 90 Cm|0.7 * 1.5 Cm|1 * 1.5 M|1.2 * 1.8 CM|1.5 * 2 M|1.7 * 2.6 M|2 * 2.5 M|2 * 3 M|3 * 4 M,699|1181|1687|2430|3375|4972|5625|6750|13500
Lamps Kilim Rug,,1181,https://bucket.zammit.shop/active-storage/yuyosj2heqkr9943k5a0tn7ppjo0,https://bucket.zammit.shop/active-storage/nxhfg8rui5ofyf74xp33lddya3lx,Lamps-Kilim-Rug-,,0.7 * 1.5 Cm|1 * 1.5 M|1.5 * 2 M|1.7 * 2.6 M|2 * 2.5 M|2 * 3 M|3 * 4 M,1181|1687|3375|4972|5625|6750|13500
Luxor Pillars Kilim Rug,,0,https://bucket.zammit.shop/active-storage/ivgzjkx6iocbp4h70wv6n6ttc8qz,https://bucket.zammit.shop/active-storage/ta8ti711ne1jqq0jz64nynm8ldxg,Luxor-Pillars-Kilim-Rug,,90 * 60 Cm|0.7 * 1.5 Cm|1 * 1.5 M|1.2 * 1.8 CM|1.5 * 2 M|1.7 * 2.6 M|2 * 2.5 M|2 * 3 M|3 * 4 M,0|0|0|0|0|0|0|0|0
Midnight Kemet Kilim Rug,,648,https://bucket.zammit.shop/active-storage/pkz74w9tqyne7sheixt0gnelk4xo,https://bucket.zammit.shop/active-storage/e1s45qx5d6x4e26sfzvnhrbg0j4z,Midnight-Kemet-Kilim-Rug,,90 * 60 Cm|0.7 * 1.5 Cm|1 * 1.5 M|1.2 * 1.8 CM|1.5 * 2 M|1.7 * 2.6 M|2 * 2.5 M|2 * 3 M|3 * 4 M,648|1181|1687|2430|3375|4972|5625|6750|13500
Mint Green Bricks Bath Mat,,699,https://bucket.zammit.shop/active-storage/a63nznmh9mai0rzymtgi5vwvv58g,https://bucket.zammit.shop/active-storage/unz0kbposftgh93hb800pbzjtolu,Mint-Green-Bricks-Bath-Mat,,90 * 60 Cm|140 * 50 Cm|100 * 80 Cm|130 * 100 Cm,699|892|1020|1657
Mint Green Cushion,,675,https://bucket.zammit.shop/active-storage/skcqp2o37gc3z4cbkldc7ntwhveg,,Mint-Green-Cushion,,40 * 40 Cm Cover Only|40 * 40 Cm With Insert|40 * 70 Cm Cover Only|40 * 70 Cm With Insert|70 * 70 Cm Cover Only|70 * 70 Cm With Insert,675|712|750|787|1012|1050
Minty Flow Cushion,,675,https://bucket.zammit.shop/active-storage/56he1mmzuy8blg7m5fyaxpof05wn,,Minty-Flow-Cushion-,,40 * 40 Cm Cover Only|40 * 40 Cm with Insert|40 * 70 Cm Cover Only|40 * 70 Cm with Insert|70 * 70 Cm Cover Only|70 * 70 Cm with Insert,675|712|750|787|1012|1050
Mistra Loom Kilim Rug,,648,https://bucket.zammit.shop/active-storage/m9xcdenemyhu69pqdgw67y99un1j,https://bucket.zammit.shop/active-storage/n69bqo1nrq5pb6cm24bzjuj4dcdu|https://bucket.zammit.shop/active-storage/wk0lg29qqxow54hvltuycu6m7xks|https://bucket.zammit.shop/active-storage/nk7cva5cwxq21ly9b8o0p8xdpg2f,Mistra-Loom-Kilim-Rug,,90 * 60 Cm|0.7 * 1.5 Cm|1 * 1.5 M|1.2 * 1.8 CM|1.5 * 2 M|1.7 * 2.6 M|2 * 2.5 M|2 * 3 M|3 * 4 M,648|1181|1687|2430|3375|4972|5625|6750|13500
Mustache Kilim Rug,,0,https://bucket.zammit.shop/active-storage/7n7b13d6ftvnemllejtcp0h21kkj,https://bucket.zammit.shop/active-storage/f3kzdc9hk3d2vrt6kwcajc37ccza,Mustache-Kilim-Rug,,90 * 60 Cm|1 * 1.5 M|1.5 * 2 M|1.7 * 2.6 M|2 * 2.5 M|2 * 3 M|3 * 4 M,0|0|0|0|0|0|0
Mustard Wind Hallway Runner,,2520,https://bucket.zammit.shop/active-storage/k3gidd1oxwhqbb52x1iqwflr3l8u,https://bucket.zammit.shop/active-storage/srg6or5a7ay16lqoouln3k1e6ajf,Mustard-Wind-Hallway-Runner,,80 * 300 Cm|80 * 400 Cm|80 * 500 Cm|80 * 600 Cm|80 * 700 Cm|80 * 800 Cm,2520|3360|4200|5040|5880|6720
Mustard Wind Kilim Rug,,1181,https://bucket.zammit.shop/active-storage/yornyoavfi10lbpbb17nj5yz7sl9,https://bucket.zammit.shop/active-storage/bcwwkbs84eqvczrfb93pjh8jjq07|https://bucket.zammit.shop/active-storage/vo6l5vz4clant6jw26r9oe47vcpi|https://bucket.zammit.shop/active-storage/ew3tervqcueqt779imxebz61k7le,Mustard-Wind-Kilim-Rug,,0.7 * 1.5 Cm|1 * 1.5 M|1.5 * 2 M|1.7 * 2.6 M|2 * 2.5 M|2 * 3 M|3 * 4 M,1181|1462|2925|4309|4875|5850|11700
Navira Kilim Rug,,1181,https://bucket.zammit.shop/active-storage/7aiiyyctfkuwfl554xc27n2idnjy,https://bucket.zammit.shop/active-storage/1ms3b5p6hhxcjqohspwza8gnoenv|https://bucket.zammit.shop/active-storage/nytokrzzd97a98683lg2b6fvm8rd,Navira-Kilim-Rug,,0.7 * 1.5 Cm|1 * 1.5 M|1.2 * 1.8 CM|1.5 * 2 M|1.7 * 2.6 M|2 * 2.5 M|2 * 3 M|3 * 4 M,1181|1800|2592|3600|5325|6000|7200|14400
Nile Felucca Kilim Rug,,0,https://bucket.zammit.shop/active-storage/mx5p7mxzlkapukfiqujxlxcgbkiv,https://bucket.zammit.shop/active-storage/uzzz4u61izq4wq6oz5reevul00w6|https://bucket.zammit.shop/active-storage/xeomcdndw2prk601xek9pbkgfcep,Nile-Felucca-Kilim-Rug,,0.7 * 1.5 Cm|1 * 1.5 M|1.2 * 1.8 CM|1.5 * 2 M|1.7 * 2.6 M|2 * 2.5 M|2 * 3 M|3 * 4 M,0|0|0|0|0|0|0|0
North Bird Kilim Rug,,1181,https://bucket.zammit.shop/active-storage/fh1gkrvy66x943im4m1z85pe5se6,https://bucket.zammit.shop/active-storage/if4mtsi6iqaqgvdhsin8t2px7iye,North-Bird-Kilim-Rug,,0.7 * 1.5 Cm|1 * 1.5 M|1.5 * 2 M|1.7 * 2.6 M|2 * 2.5 M|2 * 3 M|3 * 4 M,1181|1687|3375|4972|5625|6750|13500
Notebook Cushion,,0,https://bucket.zammit.shop/active-storage/a4m0fxjg1q1fubw8vgx46vfpb1l3,,Notebook-Cushion,,40 * 40 Cm Cover Only|40 * 40 Cm With Insert|40 * 70 Cm Cover Only|40 * 70 Cm With Insert|70 * 70 Cm Cover Only|70 * 70 Cm With Insert,0|0|0|0|0|0
Notebook In Cafe Cushion,,0,https://bucket.zammit.shop/active-storage/8ljcoe8hqk8qq1k2lmdhrl45n6u3,,Notebook-In-Cafe-Cushion,,40 * 40 Cm Cover Only|40 * 40 Cm With Insert|40 * 70 Cm Cover Only|40 * 70 Cm With Insert|70 * 70 Cm Cover Only|70 * 70 Cm With Insert,0|0|0|0|0|0
Notebook Kilim Rug,,769,https://bucket.zammit.shop/active-storage/jswexziaabej477gs77u5s1b3gh7,https://bucket.zammit.shop/active-storage/pl0vsfz5pc3wfpcwpfqfexxt3s7l,Notebook-Kilim-Rug,,90 * 60 Cm|0.7 * 1.5 Cm|1 * 1.5 M|1.5 * 2 M|1.7 * 2.6 M|2 * 2.5 M|2 * 3 M|3 * 4 M,769|1260|1800|3600|5304|6000|7200|14400
Nub Gold Bath Mat,,699,https://bucket.zammit.shop/active-storage/f1cm9mtsqqor5vpnidda06pz9pz9,https://bucket.zammit.shop/active-storage/aeu22j0rftahbvjbj410dxi76lyo,Nub-Gold-Bath-Mat,,60 * 90 Cm|50 * 140 Cm|80 * 100 Cm|100 * 130 Cm,699|892|1020|1657
Nub Navy Bath Mat,,932,https://bucket.zammit.shop/active-storage/25upcdsgzo2sjyo2g3z7867fxdvr,https://bucket.zammit.shop/active-storage/00xx7yh022r0px3pb9nc45raxaf7,Nub-Navy-Bath-Mat,,60 * 90 Cm|50 * 140 Cm|80 * 100 Cm|100 * 130 Cm,932|1190|1360|2210
Off White Barez Kilim Rug,,1687,https://bucket.zammit.shop/active-storage/wiivl5piwd3kzb182qez4rru6ap5,,Off-White-Barez-Kilim-Rug,,1 * 1.5 M|1.5 * 2 M|1.7 * 2.6 M|2 * 2.5 M|2 * 3 M|3 * 4 M,1687|3375|4972|5625|6750|13500
Ondas Doradas Cushion,,0,https://bucket.zammit.shop/active-storage/9qttabbdjlaf08y8whumed79ijpg,https://bucket.zammit.shop/active-storage/4zojv51s8wa0oou5dcjyluyj6nk3|https://bucket.zammit.shop/active-storage/iwbwak7qsic59why32xldkdv776m,Ondas-Doradas-Cushion,,40 * 40 Cm Cover Only|40 * 40 Cm With Insert|40 * 70 Cm Cover Only|40 * 70 Cm With Insert|70 * 70 Cm Cover Only|70 * 70 Cm With Insert,0|0|0|0|0|0
Orange Coco Cushion,,675,https://bucket.zammit.shop/active-storage/qngqn9rrftttaw1vyul0eumzf7tb,https://bucket.zammit.shop/active-storage/k8vj7frjpj1l9nmxikpchp3haq8f|https://bucket.zammit.shop/active-storage/b8gl3y6hwf8x7xz9dhyh381zo9k1,Orange-Coco-Cushion-,,40 * 40 Cm Cover Only|40 * 40 Cm with insert|40 * 70 Cm Cover Only|40 * 70 Cm with insert|70 * 70 Cm Cover Only|70 * 70 Cm with insert,675|712|750|787|1012|1050
Ovo Cushion,,0,https://bucket.zammit.shop/active-storage/sn1bqerekgcvj43db16y35ebycqn,https://bucket.zammit.shop/active-storage/qgc66po7btgm8x4v6oigjl3us98h,Ovo-Cushion,,30 * 30 Cm Cover Only|30 * 30 Cm With Insert|40 * 40 Cm Cover Only|40 * 40 Cm With Insert|40 * 70 Cm Cover Only|40 * 70 Cm With Insert|70 * 70 Cm Cover Only|70 * 70 Cm With Insert,0|0|0|0|0|0|0|0
Persian Qajar Woman Carpet,,20250,https://bucket.zammit.shop/active-storage/mizqz3vvmqsglt4tsrgcikdnsuua,https://bucket.zammit.shop/active-storage/zlru2km2b6v6ha5kjsewcn2xuzbq|https://bucket.zammit.shop/active-storage/ef8ypicxqtt957bv94hjfdkpb2bi,Persian-Qajar-Woman-Carpet,,One Size,20250
Plateau Cushion,,675,https://bucket.zammit.shop/active-storage/8ucsw8bp23q2odmmm1zplgshfaeb,https://bucket.zammit.shop/active-storage/xsq6x8f9fspg56bpndcth2aaco5i|https://bucket.zammit.shop/active-storage/1qskx7rpnsief3tvveb2ohrxxalx,Plateau-Cushion-,,40 * 40 Cm Cover Only|40 * 40 Cm with Insert|40 * 70 Cm Cover Only|40 * 70 Cm with Insert|70 * 70 Cm Cover Only|70 * 70 Cm with Insert,675|712|750|787|1012|1050
Plateau Kilim Rug,,687,https://bucket.zammit.shop/active-storage/5xl3m8qk8b1r0ja1mpx5zk8n1zsg,,Plateau-Kilim-Rug,,90 * 60 Cm|0.7 * 1.5 Cm|1 * 1.5 M|1.5 * 2 M|1.7 * 2.6 M|2 * 2.5 M|2 * 3 M|3 * 4 M,687|1338|1912|3825|5635|6375|7650|15300
Queen Of Swords Kilim Rug,,1687,https://bucket.zammit.shop/active-storage/ec5gh5bzmkil6348qwg98p734is6,https://bucket.zammit.shop/active-storage/qosd3n4zbr413qyg96ophzhvhdsv|https://bucket.zammit.shop/active-storage/o6pdrr4kkuj3tjkbnr6580iq5fnn|https://bucket.zammit.shop/active-storage/fki5dd2920bs8xjaoac9uhtbbyvz,Queen-Of-Swords-Kilim-Rug,,1 * 1.5 M|1.5 * 2 M|1.7 * 2.6 M|2 * 2.5 M|2 * 3 M|3 * 4 M,1687|3375|4972|5625|6750|13500
Red House Cushion,,675,https://bucket.zammit.shop/active-storage/gvwfyjc6rdzbsm6vhtbjwbevaa6e,https://bucket.zammit.shop/active-storage/a1yk2prem9fci0njvobitx59wk7v,Red-House-Cushion-,,40 * 40 Cm Cover Only|40 * 40 Cm With insert|40 * 70 Cm Cover Only|40 * 70 Cm With insert|70 * 70 Cm Cover Only|70 * 70 Cm With insert,675|712|750|787|1012|1050
Red House Kilim Rug,,648,https://bucket.zammit.shop/active-storage/eko48azisrd665qy8py0vyd2xpad,,Red-House-Kilim-Rug,,90 * 60 Cm|0.7 * 1.5 Cm|1 * 1.5 M|1.5 * 2 M|1.7 * 2.6 M|2 * 2.5 M|2 * 3 M|3 * 4 M,648|1181|1575|3150|4641|5250|6300|12600
Rustic Woven Shag Kilim Rug,,0,https://bucket.zammit.shop/active-storage/p1lv8dm6of3rjkzfm2lgjigb0q7e,https://bucket.zammit.shop/active-storage/mr7w8uewdel7rqvhs1dsfdlkutw9,Rustic-Woven-Shag-Kilim-Rug,,90 * 60 Cm|0.7 * 1.5 Cm|1 * 1.5 M|1.5 * 2 M|1.7 * 2.6 M|2 * 2.5 M|2 * 3 M|3 * 4 M,0|0|0|0|0|0|0|0
Sahara Cushion,,675,https://bucket.zammit.shop/active-storage/xx337m5f09rvp1j80q0h8btjk7xz,https://bucket.zammit.shop/active-storage/w2gb6zulkjo3en0ogb2y0e07joeb,Sahara-Cushion,,40 * 40 Cm Cover Only|40 * 40 Cm With Insert|40 * 70 Cm Cover Only|40 * 70 Cm With Insert|70 * 70 Cm Cover Only|70 * 70 Cm With Insert,675|712|750|787|1012|1050
Savonnerie Kilim Rug,,0,https://bucket.zammit.shop/active-storage/a4kiv34hjv9xzkk288n9f3dmtm1l,https://bucket.zammit.shop/active-storage/u5mnreaphgwbk27m6wwbrflkip89|https://bucket.zammit.shop/active-storage/c8klf43gkqijml3d47nhgwr3vv06,Savonnerie-Kilim-Rug,,90 * 60 Cm|0.7 * 1.5 Cm|1 * 1.5 M|1.5 * 2 M|1.7 * 2.6 M|2 * 3 M|3 * 4 M,0|0|0|0|0|0|0
Scarab Studio Kilim Rug,,0,https://bucket.zammit.shop/active-storage/pc4uc97tsq06o6q9zy9glbi6p5os,https://bucket.zammit.shop/active-storage/yoqp613sfwj73qrdq6xqa93x5m43|https://bucket.zammit.shop/active-storage/gm4if9an0j64hs1shdgk1my77c08,Scarab-Studio-Kilim-Rug,,0.7 * 1.5 Cm|1 * 1.5 M|1.5 * 2 M|1.7 * 2.6 M|2 * 2.5 M|2 * 3 M|3 * 4 M,0|0|0|0|0|0|0
Secret Of The Desert Kilim Rug,,1181,https://bucket.zammit.shop/active-storage/rlasqvdzf9a90mj4kjz4lrkwilhp,https://bucket.zammit.shop/active-storage/f379w0vw4ufmu1qi613uyqrggab8,Secret-Of-The-Desert-Kilim-Rug-,,0.7 * 1.5 Cm|1 * 1.5 M|1.2 * 1.8 CM|1.5 * 2 M|1.7 * 2.6 M|2 * 2.5 M|2 * 3 M|3 * 4 M,1181|1687|2430|3375|4972|5625|6750|13500
Senon Kilim Rug,,1440,https://bucket.zammit.shop/active-storage/50comluh9ngw8eyd355c1bqga08l,,Senon-Kilim-Rug,,80 * 200 Cm|80 * 300 Cm|80 * 400 Cm|80 * 500 Cm|80 * 600 Cm,1440|2340|3120|3900|4680
Senon Kilim Rug 2,,688,https://bucket.zammit.shop/active-storage/jqu9ik1kadq84fxrruhpnjikijpl,https://bucket.zammit.shop/active-storage/ejs028cwivpsopbodd9gf6a2vk34,Senon-Kilim-Rug-2,,90 * 60 Cm Orange|90 * 60 Cm aegean|0.7 * 1.5 Cm Orange|0.7 * 1.5 Cm aegean|1 * 1.5 M Orange|1 * 1.5 M aegean|1.5 * 2 M Orange|1.5 * 2 M aegean|1.7 * 2.6 M Orange|1.7 * 2.6 M aegean,688|688|1102|1102|1575|1575|2925|2925|4309|4309
Shaggy Biege Kilim Hallway,,1440,https://bucket.zammit.shop/active-storage/oejmelkmvirrsgbhbc275pvbh7t3,,Shaggy-Biege-Kilim-Hallway,,80 * 200 Cm|80 * 300 Cm|80 * 400 Cm|80 * 500 Cm|80 * 600 Cm,1440|2160|2880|3600|4320
Shaggy Biege Kilim Rug 1,,1440,https://bucket.zammit.shop/active-storage/p4g8c52vdw90656q2xvlnt7n77ur,,Shaggy-Biege-Kilim-Rug-1,,200 * 80 Cm|300 * 80 Cm|400 * 80 Cm|500 * 80 Cm|600 * 80 Cm,1440|2340|3120|3900|4680
Shaggy Black Bath Mat,,699,https://bucket.zammit.shop/active-storage/gwoltj8wlm0dqp2ndms9tk72kxgu,https://bucket.zammit.shop/active-storage/q0a9145u01c2ssm5jb22fevcna7v,Shaggy-Black-Bath-Mat-,,90 * 60 Cm|140 * 50 Cm|100 * 80 Cm|130 * 100 Cm,699|892|1020|1657
Shaggy Mustard Kilim Rug,,648,https://bucket.zammit.shop/active-storage/ncnq0ivhigrknu8mz1a3e618ynag,,Shaggy-Mustard-Kilim-Rug,,90 * 60 Cm|0.7 * 1.5 Cm|1 * 1.5 M|1.5 * 2 M|1.7 * 2.6 M|2 * 2.5 M|2 * 3 M|3 * 4 M,648|1181|1575|3150|4641|5250|6300|12600
Shamsy Cushion,,0,https://bucket.zammit.shop/active-storage/2xur4a2st9uum4yn1l8iolfgij75,,Shamsy-Cushion,,40 * 40 Cm Cover Only|40 * 40 Cm With Insert|40 * 70 Cm Cover Only|40 * 70 Cm With Insert|70 * 70 Cm Cover Only|70 * 70 Cm With Insert,0|0|0|0|0|0
Sini Mont Blue Kilim Rug,,0,https://bucket.zammit.shop/active-storage/htq25qd2abv5ltldzxd02teoxy78,https://bucket.zammit.shop/active-storage/intxg7sg4klrnb7duzq5130dpa0b,Sini-Mont-Blue-Kilim-Rug,,1 * 1.5 M|1.5 * 2 M|1.7 * 2.6 M|2 * 3 M|3 * 4 M,0|0|0|0|0
Snake Cushion,,675,https://bucket.zammit.shop/active-storage/ofhs0prj0h027xaa6ggatub2o3pf,https://bucket.zammit.shop/active-storage/vijytlxi207l8ggcyv4tqgf0f40u,Snake-Cushion,,40 * 40 Cm Cover Only|40 * 40 Cm with Insert|40 * 70 Cm Cover Only|40 * 70 Cm with Insert|70 * 70 Cm Cover Only|70 * 70 Cm with Insert,675|712|750|787|1012|1050
Solar Dunes Cushion,,0,https://bucket.zammit.shop/active-storage/7dqhfcg9kvoba71mug4nz4xkc81j,https://bucket.zammit.shop/active-storage/zwf5dhx1qqccgc1ht5lj508qjnvt,Solar-Dunes-Cushion,,40 * 40 Cm With Insert|40 * 40 Cm Cover Only|40 * 70 Cm With Insert|40 * 70 Cm Cover Only|70 * 70 Cm With Insert|70 * 70 Cm Cover Only,0|0|0|0|0|0
Stroke Cushion,,675,https://bucket.zammit.shop/active-storage/jwf0h1cvibpx2zv123143mf9900x,https://bucket.zammit.shop/active-storage/mdhj62qes6jl5tpwqtmecnsgmk2u,Stroke-Cushion,,40 * 40 Cm Cover Only|40 * 40 Cm With Insert|40 * 70 Cm Cover Only|40 * 70 Cm With Insert|70 * 70 Cm Cover Only|70 * 70 Cm With Insert,675|712|750|787|1012|1050
Stroke Kilim Rug,,648,https://bucket.zammit.shop/active-storage/rus7goiw9pvpcy83j7ctk8sltnq3,https://bucket.zammit.shop/active-storage/oqg43utjn5jznvwnpvh0cvgsctff|https://bucket.zammit.shop/active-storage/o0bygf0frh28p2a08511rr37ud66,Stroke-Kilim-Rug,,90 * 60 Cm|0.7 * 1.5 Cm|1 * 1.5 M|1.5 * 2 M|1.7 * 2.6 M|2 * 2.5 M|2 * 3 M|3 * 4 M,648|1181|1575|3150|4641|5250|6300|12600
Sun Steps 1,,648,https://bucket.zammit.shop/active-storage/b6cw8fkn2p4q036ciqqhopwylqdy,https://bucket.zammit.shop/active-storage/uba1f5idq5v7mhi623p3r6tyz2k9,Sun-Steps-1-,,90 * 60 Cm|0.7 * 1.5 Cm|1 * 1.5 M|1.5 * 2 M|1.7 * 2.6 M|2 * 3 M|3 * 4 M,648|1181|1575|3150|4641|6300|12600
Sun Steps 5,,1687,https://bucket.zammit.shop/active-storage/v7i70vtn2bodz9iy666aekxo2eyy,https://bucket.zammit.shop/active-storage/1sjdltrfz832vv16ic4tnq7mlma5,Sun-Steps-5,,1 * 1.5 M|1.5 * 2 M|1.7 * 2.6 M|2 * 2.5 M|2 * 3 M|3 * 4 M,1687|3375|4972|5625|6750|13500
Temple Bricks Bath Mat,,699,https://bucket.zammit.shop/active-storage/il31etpchafxhdlwjui6pb0d6km0,https://bucket.zammit.shop/active-storage/yjil3bn0x5b6nq66up5javphkkeo,Temple-Bricks-Bath-Mat,,90 * 60 Cm|140 * 50 Cm|100 * 80 Cm|130 * 100 Cm,699|892|1020|1657
Theban Indigo Bath Mat,,699,https://bucket.zammit.shop/active-storage/r5wmx8v7kukd9ov6dt7eklu7xvuz,https://bucket.zammit.shop/active-storage/oqq3739tfflzoy4p99a1clbex5u3|https://bucket.zammit.shop/active-storage/u5q773eksx8rfmrflhbppo5erfyz,Theban-Indigo-Bath-Mat,,60 * 90 Cm|50 * 140 Cm|80 * 100 Cm|100 * 130 Cm,699|892|1020|1657
Timeless Terracotta Kilim Rug,,0,https://bucket.zammit.shop/active-storage/6n5i497u2qm2rsmzb3aslf8j4tel,https://bucket.zammit.shop/active-storage/b2a16zne1j0eph29zwbyu738eqvf,Timeless-Terracotta-Kilim-Rug,,0.7 * 1.5 Cm|1 * 1.5 M|1.5 * 2 M|1.7 * 2.6 M|2 * 3 M|3 * 4 M,0|0|0|0|0|0
Velvra Bath Mat,,699,https://bucket.zammit.shop/active-storage/1cu96pfh6q3hs8cdjzadrktoy7d0,https://bucket.zammit.shop/active-storage/ctry3ydutivhhk93drw11mrxblu2|https://bucket.zammit.shop/active-storage/6vp3wzr4qfts0sh4o04kwuayc7cs,Velvra-Bath-Mat,,60 * 90 Cm|50 * 140 Cm|80 * 100 Cm|100 * 130 Cm,699|892|1020|1657
Western Desert Bath Mat,,699,https://bucket.zammit.shop/active-storage/z2j0z55bu9xdzr7skjm1hi478xlc,,Western-Desert-Bath-Mat,,90 * 60 Cm|140 * 50 Cm|100 * 80 Cm|130 * 100 Cm,699|892|1020|1657
Ya Amar Cushion,,0,https://bucket.zammit.shop/active-storage/yb6cchdjflkq0ujgg99g0ovuks67,,Ya-Amar-Cushion,,40 * 40 Cm Cover Only|40 * 40 Cm With Insert|40 * 70 Cm Cover Only|40 * 70 Cm With Insert|70 * 70 Cm Cover Only|70 * 70 Cm With Insert,0|0|0|0|0|0
Zahmet El Qahira Kilim Rug,,0,https://bucket.zammit.shop/active-storage/rkxj4o09l7q22xz74nogyiouzm5e,https://bucket.zammit.shop/active-storage/eyrvvv8cgslus0rz8597l8218b8z,Zahmet-El-Qahira-Kilim-Rug,,1 * 1.5 M|1.5 * 2 M|2 * 2.5 M|2 * 3 M|3 * 4 M,0|0|0|0|0
Zarina Hallway Runner,,2160,https://bucket.zammit.shop/active-storage/8h6m792g18zib40fpkiz7h7ttki8,https://bucket.zammit.shop/active-storage/lm59p8kp6lge4r8qaa597x5mtcaw,Zarina-Hallway-Runner,,80 * 200 Cm|80 * 300 Cm|80 * 400 Cm|80 * 500 Cm|80 * 600 Cm,2160|3240|4320|5400|6480
Zarina Kilim Rug,,2025,https://bucket.zammit.shop/active-storage/dd812gnbi3jl3207c6kyy1bjogu3,https://bucket.zammit.shop/active-storage/f6a6i3ajgcif6l2vdjq0x63pgosh|https://bucket.zammit.shop/active-storage/6x5enpty0khach9hv4tr9wzn7b88|https://bucket.zammit.shop/active-storage/6lnkvo5wrwo3amhgv49kjhyvajuv,Zarina-Kilim-Rug,,1 * 1.5 M|1.5 * 2 M|1.7 * 2.6 M|2 * 3 M|3 * 4 M,2025|4050|5967|8100|16200
Zebra Bath Mat,,699,https://bucket.zammit.shop/active-storage/b5olppqpeiidcayyf6pzb9hqh8if,https://bucket.zammit.shop/active-storage/kfk4cw3qu7d0mjfbpgfa89a33jzg,Zebra-Bath-Mat,,90 * 60 Cm|140 * 50 Cm|100 * 80 Cm|130 * 100 Cm,699|892|1020|1657
